Residency,Fellowship
Aerospace Medicine,Addiction Medicine
Aerospace Medicine,Clinical Informatics
Aerospace Medicine,Medical Toxicology
Aerospace Medicine,Preventive Medicine
Aerospace Medicine,Undersea and Hyperbaric Medicine
Anesthesiology,Adult Cardiothoracic Anesthesiology
Anesthesiology,Clinical Informatics
Anesthesiology,Critical Care Medicine
Anesthesiology,Hospice and Palliative Medicine
Anesthesiology,Obstetric Anesthesiology
Anesthesiology,Pain Medicine
Anesthesiology,Pediatric Anesthesiology
Anesthesiology,Sleep Medicine
Clinical Genetics and Genomics,Medical Biochemical Genetics
Clinical Genetics and Genomics,Molecular Genetic Pathology
Dermatology,Dermatopathology
Dermatology,Micrographic Surgery and Dermatologic Oncology
Dermatology,Pediatric Dermatology
Diagnostic Radiology,Abdominal Radiology
Diagnostic Radiology,Endovascular Surgical Neuroradiology
Diagnostic Radiology,Hospice and Palliative Medicine
Diagnostic Radiology,Musculoskeletal Radiology
Diagnostic Radiology,Neuroradiology
Diagnostic Radiology,Nuclear Radiology
Diagnostic Radiology,Pain Medicine
Diagnostic Radiology,Pediatric Radiology
Diagnostic Radiology,Vascular and Interventional Radiology
Emergency Medicine,Anesthesiology Critical Care Medicine
Emergency Medicine,Clinical Informatics
Emergency Medicine,Emergency Medical Services
Emergency Medicine,Hospice and Palliative Medicine
Emergency Medicine,Internal Medicine-Critical Care Medicine
Emergency Medicine,Medical Toxicology
Emergency Medicine,Pain Medicine
Emergency Medicine,Pediatric Emergency Medicine
Emergency Medicine,Sports Medicine
Emergency Medicine,Undersea and Hyperbaric Medicine
Family Medicine,Adolescent Medicine
Family Medicine,Clinical Informatics
Family Medicine,Geriatric Medicine
Family Medicine,Hospice and Palliative Medicine
Family Medicine,Pain Medicine
Family Medicine,Sleep Medicine
Family Medicine,Sports Medicine
General Surgery,Complex General Surgical Oncology
General Surgery,Hand Surgery
General Surgery,Hospice and Palliative Medicine
General Surgery,Pediatric Surgery
General Surgery,Surgery of the Hand
General Surgery,Surgical Critical Care
General Surgery,Vascular Surgery
Internal Medicine,Adolescent Medicine
Internal Medicine,Adult Congenital Heart Disease
Internal Medicine,Advanced Heart Failure and Transplant
Internal Medicine,Advanced Heart Failure and Transplant Cardiology
Internal Medicine,Cardiology
Internal Medicine,Cardiovascular Disease
Internal Medicine,Clinical Cardiac Electrophysiology
Internal Medicine,Clinical Informatics
Internal Medicine,Critical Care Medicine
Internal Medicine,Endocrinology, Diabetes and Metabolism
Internal Medicine,Endocrinology, Diabetes, and Metabolism
Internal Medicine,Gastroenterology
Internal Medicine,Geriatric Medicine
Internal Medicine,Hematology
Internal Medicine,Hematology and Medical Oncology
Internal Medicine,Hospice and Palliative Medicine
Internal Medicine,Infectious Disease
Internal Medicine,Interventional Cardiology
Internal Medicine,Medical Oncology
Internal Medicine,Nephrology
Internal Medicine,Pulmonary Disease
Internal Medicine,Pulmonary Disease and Critical Care Medicine
Internal Medicine,Rheumatology
Internal Medicine,Sleep Medicine
Internal Medicine,Sports Medicine
Internal Medicine,Transplant Hepatology
Interventional Radiology,Hospice and Palliative Medicine
Interventional Radiology,Neuroradiology
Interventional Radiology,Nuclear Radiology
Interventional Radiology,Pain Medicine
Interventional Radiology,Pediatric Radiology
Interventional Radiology,Vascular and Interventional Radiology
Medical Genetics,Medical Biochemical Genetics
Medical Genetics,Molecular Genetic Pathology
Medical Physics,Hospice and Palliative Medicine
Medical Physics,Neuroradiology
Medical Physics,Nuclear Radiology
Medical Physics,Pain Medicine
Medical Physics,Pediatric Radiology
Medical Physics,Vascular and Interventional Radiology
Neurology,Addiction Psychiatry
Neurology,Brain Injury Medicine
Neurology,Child and Adolescent Psychiatry
Neurology,Clinical Neurophysiology
Neurology,Endovascular Surgical Neuroradiology
Neurology,Epilepsy
Neurology,Forensic Psychiatry
Neurology,Geriatric Psychiatry
Neurology,Hospice and Palliative Medicine
Neurology,Neurodevelopmental Disabilities
Neurology,Neuromuscular Medicine
Neurology,Pain Medicine
Neurology,Psychosomatic Medicine
Neurology,Sleep Medicine
Neurology,Vascular Neurology
Neurosurgery,Endovascular Surgical Neuroradiology
Obstetrics and Gynecology,Critical Care Medicine
Obstetrics and Gynecology,Female Pelvic Medicine and
Obstetrics and Gynecology,Female Pelvic Medicine and Reconstructive Surgery
Obstetrics and Gynecology,Gynecologic Oncology
Obstetrics and Gynecology,Hospice and Palliative Medicine
Obstetrics and Gynecology,Maternal and Fetal Medicine
Obstetrics and Gynecology,Maternal-Fetal Medicine
Obstetrics and Gynecology,Reconstructive Surgery
Obstetrics and Gynecology,Reproductive Endocrinology and Infertility
Obstetrics and Gynecology,Reproductive Endocrinology/Infertility
Occupational Medicine,Addiction Medicine
Occupational Medicine,Clinical Informatics
Occupational Medicine,Medical Toxicology
Occupational Medicine,Preventive Medicine
Occupational Medicine,Undersea and Hyperbaric Medicine
Ophthalmology,Ophthalmic Plastic and Reconstructive Surgery
Orthopaedic Surgery,Adult Reconstructive Orthopaedics
Orthopaedic Surgery,Foot and Ankle Orthopaedics
Orthopaedic Surgery,Hand Surgery
Orthopaedic Surgery,Musculoskeletal Oncology
Orthopaedic Surgery,Orthopaedic Sports Medicine
Orthopaedic Surgery,Orthopaedic Surgery of the Spine
Orthopaedic Surgery,Orthopaedic Trauma
Orthopaedic Surgery,Pediatric Orthopaedics
Orthopaedic Surgery,Surgery of the Hand
Otolaryngology,Neurotology
Otolaryngology,Pediatric Otolaryngology
Otolaryngology,Plastic Surgery Within the Head and Neck
Otolaryngology,Sleep Medicine
Pathology,Blood Banking/Transfusion Medicine
Pathology,Chemical Pathology
Pathology,Clinical Informatics
Pathology,Cytopathology
Pathology,Dermatopathology
Pathology,Forensic Pathology
Pathology,Hematology
Pathology,Hematopathology
Pathology,Medical Microbiology
Pathology,Molecular Genetic Pathology
Pathology,Neuropathology
Pathology,Pathology - Chemical
Pathology,Pathology - Forensic¾
Pathology,Pathology - Medical Microbiology
Pathology,Pathology - Molecular Genetic
Pathology,Pathology - Pediatric
Pathology,Pediatric Pathology
Pathology,Selective Pathology
Pediatrics,Adolescent Medicine
Pediatrics,Child Abuse Pediatrics
Pediatrics,Clinical Informatics
Pediatrics,Developmental-Behavioral Pediatrics
Pediatrics,Hospice and Palliative Medicine
Pediatrics,Medical Toxicology
Pediatrics,Neonatal-Perinatal Medicine
Pediatrics,Pediatric Cardiology
Pediatrics,Pediatric Critical Care Medicine
Pediatrics,Pediatric Emergency Medicine
Pediatrics,Pediatric Endocrinology
Pediatrics,Pediatric Gastroenterology
Pediatrics,Pediatric Hematology-Oncology
Pediatrics,Pediatric Hematology/Oncology
Pediatrics,Pediatric Hospital Medicine
Pediatrics,Pediatric Infectious Diseases
Pediatrics,Pediatric Nephrology
Pediatrics,Pediatric Pulmonology
Pediatrics,Pediatric Rheumatology
Pediatrics,Pediatric Sports Medicine
Pediatrics,Pediatric Transplant Hepatology
Pediatrics,Sleep Medicine
Pediatrics,Sports Medicine
Physical Medicine and Rehabilitation,Brain Injury Medicine
Physical Medicine and Rehabilitation,Hospice and Palliative Medicine
Physical Medicine and Rehabilitation,Neuromuscular Medicine
Physical Medicine and Rehabilitation,Pain Medicine
Physical Medicine and Rehabilitation,Pediatric Rehabilitation
Physical Medicine and Rehabilitation,Pediatric Rehabilitation Medicine
Physical Medicine and Rehabilitation,Spinal Cord Injury Medicine
Physical Medicine and Rehabilitation,Sports Medicine
Plastic Surgery,Craniofacial Surgery
Plastic Surgery,Hand Surgery
Plastic Surgery,Plastic Surgery Within the Head and Neck
Plastic Surgery,Surgery of the Hand
Psychiatry,Addiction Psychiatry
Psychiatry,Brain Injury Medicine
Psychiatry,Child and Adolescent Psychiatry
Psychiatry,Clinical Neurophysiology
Psychiatry,Epilepsy
Psychiatry,Forensic Psychiatry
Psychiatry,Geriatric Psychiatry
Psychiatry,Hospice and Palliative Medicine
Psychiatry,Neurodevelopmental Disabilities
Psychiatry,Neuromuscular Medicine
Psychiatry,Pain Medicine
Psychiatry,Psychosomatic Medicine
Psychiatry,Sleep Medicine
Psychiatry,Vascular Neurology
Public Health and General Preventive Medicine,Addiction Medicine
Public Health and General Preventive Medicine,Clinical Informatics
Public Health and General Preventive Medicine,Medical Toxicology
Public Health and General Preventive Medicine,Preventive Medicine
Public Health and General Preventive Medicine,Undersea and Hyperbaric Medicine
Radiation Oncology,Hospice and Palliative Medicine
Radiation Oncology,Neuroradiology
Radiation Oncology,Nuclear Radiology
Radiation Oncology,Pain Medicine
Radiation Oncology,Pediatric Radiology
Radiation Oncology,Vascular and Interventional Radiology
Thoracic and Cardiac Surgery,Congenital Cardiac Surgery
Urology,Female Pelvic Medicine and Reconstructive Surgery
Urology,Pediatric Urology
Vascular Surgery,Complex General Surgical Oncology
Vascular Surgery,Hospice and Palliative Medicine
Vascular Surgery,Pediatric Surgery
Vascular Surgery,Surgery of the Hand
Vascular Surgery,Surgical Critical Care
